seq_ID,GC
BX571857.1,0.3285035870393692
BX571856.1,0.3280716483975334
AP017922.1,0.3295789623324511
AP008934.1,0.3323985972999017
